'592ddc3f794cd5865e7be57a',
 '5b1479adbd937fb901246158',
 '5a2e9b052f46971c10528eb9',
 '55bb3a9e4c64dcab4aa31b65',
 '5675dc1c66e21e640a844d34',
 '56c3a773c062f9b667d95519',
 '5b9d2c3eca157fc86e664efb',
 '5bc2ef6c6e4072322aa22b20',
 '535570a3e39867ea3a004e55',
 '5a761c9506cc06c22cd47b3a',
 '5591eab3b64916145330ad59',
 '5b7a787505d88e5319834104',
 '5be22ba6c87f491e2b70d1ac',
 '59a28fb5d3a0b32920049c6b',
 '5a30865af1d30c4c0554dcb0',
 '5bc674a422d007a63b7a43e5',
 '5a6ae893fc3cee032dfa0d6d',
 '5b186296cf6df1b57998badd',
 '56be3e0afca506796b79255b',
 '5be22ba6c87f491e2b70d1ac',
 '5b71e7b6904fd6a532ee4f8c',
 '5a03518ed1812243043ec5a9',
 '5be22ba6c87f491e2b70d1ac',
 '52f96eeaa648d75760001ba8',
 '592ddc3f794cd5865e7be57a',
 '597e6490242e087c443463b4',
 '5bc64139f154145c28cc67a6',